epoch,accuracy,learning_rate,loss,val_accuracy,val_loss
0,0.6834134459495544,0.0010000000474974513,0.4563165605068207,0.7449765205383301,0.30384859442710876
1,0.7612924575805664,0.0010000000474974513,0.29904690384864807,0.8411267399787903,0.22597241401672363
