epoch,accuracy,learning_rate,loss,val_accuracy,val_loss
0,0.6814747452735901,0.0010000000474974513,0.43836522102355957,0.7561502456665039,0.29204365611076355
1,0.8221375346183777,0.0010000000474974513,0.2484206110239029,0.799436628818512,0.30269894003868103
2,0.8739354014396667,0.0010000000474974513,0.1683110147714615,0.8596243858337402,0.20164108276367188
3,0.8872742056846619,0.0010000000474974513,0.1347486674785614,0.8642253279685974,0.18485669791698456
4,0.8925932049751282,0.0010000000474974513,0.12171173840761185,0.8642253279685974,0.190948486328125
5,0.9014250040054321,0.0010000000474974513,0.10182958096265793,0.8702347278594971,0.219405397772789
6,0.9085004329681396,0.00020000000949949026,0.08101796358823776,0.8701408505439758,0.22995227575302124
7,0.9105054140090942,0.00020000000949949026,0.0750223696231842,0.8674178123474121,0.28315022587776184
